cust.id,visitalone,purchaseticket,dollarsspent,cafedining,satisfaction,timespentFB
1,yesalone,yespurchase,36.96,yesdining,104,224
2,notalone,yespurchase,45.07,nodining,132,266
3,notalone,yespurchase,42.49,nodining,127,253
4,notalone,nopurchase,45.72,nodining,138,276
5,notalone,yespurchase,41.75,yesdining,122,246
6,notalone,nopurchase,49.41,nodining,151,302
7,notalone,yespurchase,46.45,nodining,143,274
8,notalone,yespurchase,39.71,yesdining,115,245
9,yesalone,yespurchase,38.74,yesdining,113,232
10,notalone,yespurchase,39.49,nodining,117,234
11,yesalone,yespurchase,35.14,yesdining,108,209
12,notalone,yespurchase,42.25,yesdining,131,250
13,notalone,nopurchase,42.14,nodining,124,259
14,notalone,yespurchase,39.44,yesdining,113,239
15,notalone,yespurchase,39.05,nodining,116,227
16,notalone,nopurchase,37.29,nodining,110,224
17,notalone,yespurchase,40.58,nodining,117,252
18,notalone,yespurchase,45.38,nodining,138,266
19,yesalone,yespurchase,37.57,nodining,113,219
20,notalone,yespurchase,33.40,yesdining,97,196
21,notalone,yespurchase,35.16,nodining,115,207
22,notalone,yespurchase,39.28,yesdining,127,234
23,yesalone,yespurchase,38.12,nodining,118,224
24,notalone,yespurchase,37.06,yesdining,111,219
25,notalone,nopurchase,39.80,nodining,124,241
26,notalone,yespurchase,45.72,nodining,140,262
27,notalone,yespurchase,39.68,yesdining,123,234
28,notalone,yespurchase,36.00,nodining,107,223
29,notalone,yespurchase,42.59,yesdining,127,255
30,notalone,yespurchase,41.67,nodining,128,239
31,notalone,yespurchase,39.39,nodining,111,243
32,yesalone,yespurchase,35.50,yesdining,120,210
33,notalone,yespurchase,46.63,nodining,140,284
34,notalone,yespurchase,41.16,nodining,122,239
35,notalone,yespurchase,44.51,nodining,142,275
36,notalone,yespurchase,40.00,yesdining,121,245
37,notalone,yespurchase,40.37,yesdining,124,251
38,notalone,yespurchase,39.02,yesdining,121,232
39,notalone,yespurchase,36.40,nodining,121,209
40,notalone,yespurchase,42.63,yesdining,135,251
41,notalone,yespurchase,40.31,nodining,117,248
42,notalone,yespurchase,38.23,yesdining,116,232
43,notalone,yespurchase,44.42,nodining,129,269
44,notalone,nopurchase,45.64,nodining,137,274
45,notalone,yespurchase,40.35,yesdining,125,240
46,notalone,yespurchase,42.87,nodining,126,259
47,notalone,yespurchase,38.17,yesdining,109,234
48,notalone,yespurchase,42.94,nodining,125,264
49,notalone,nopurchase,44.63,nodining,134,274
50,yesalone,yespurchase,39.43,yesdining,122,228
51,yesalone,yespurchase,34.96,yesdining,115,211
52,notalone,yespurchase,41.82,yesdining,132,250
53,notalone,yespurchase,42.86,yesdining,134,250
54,notalone,yespurchase,31.77,yesdining,95,190
55,notalone,yespurchase,38.49,yesdining,107,231
56,notalone,yespurchase,34.70,yesdining,109,203
57,notalone,yespurchase,38.56,nodining,123,231
58,yesalone,yespurchase,36.45,nodining,105,218
59,notalone,yespurchase,41.26,nodining,120,239
60,yesalone,yespurchase,39.21,nodining,122,243
61,notalone,nopurchase,42.58,nodining,120,255
62,notalone,yespurchase,47.61,nodining,145,286
63,notalone,nopurchase,38.54,yesdining,117,230
64,notalone,yespurchase,39.14,nodining,108,231
65,notalone,nopurchase,39.54,nodining,120,231
66,notalone,yespurchase,38.82,yesdining,108,234
67,notalone,nopurchase,40.03,nodining,120,236
68,notalone,yespurchase,35.78,yesdining,119,219
69,yesalone,yespurchase,36.06,yesdining,115,221
70,notalone,yespurchase,39.92,yesdining,131,238
71,notalone,yespurchase,38.79,nodining,110,234
72,notalone,yespurchase,36.47,yesdining,109,218
73,notalone,yespurchase,38.57,yesdining,118,236
74,notalone,yespurchase,37.35,nodining,118,233
75,notalone,yespurchase,36.39,yesdining,113,228
76,notalone,yespurchase,37.57,nodining,109,226
77,yesalone,yespurchase,37.67,yesdining,116,225
78,yesalone,yespurchase,37.09,yesdining,106,230
79,yesalone,yespurchase,38.05,yesdining,109,228
80,notalone,yespurchase,37.47,yesdining,108,224
81,notalone,yespurchase,44.13,nodining,142,262
82,yesalone,yespurchase,34.96,yesdining,101,209
83,yesalone,yespurchase,39.25,yesdining,124,238
84,notalone,nopurchase,42.51,yesdining,118,262
85,notalone,nopurchase,50.92,nodining,155,308
86,notalone,yespurchase,37.69,yesdining,116,231
87,yesalone,yespurchase,35.65,yesdining,111,209
88,yesalone,yespurchase,32.15,yesdining,91,200
89,yesalone,yespurchase,33.25,yesdining,94,198
90,notalone,yespurchase,42.67,yesdining,133,264
91,notalone,yespurchase,39.14,yesdining,116,229
92,notalone,yespurchase,40.70,yesdining,121,240
93,yesalone,nopurchase,34.13,nodining,106,204
94,notalone,yespurchase,45.28,yesdining,142,279
95,yesalone,yespurchase,30.49,yesdining,86,184
96,notalone,yespurchase,40.50,nodining,126,240
97,notalone,nopurchase,45.40,nodining,137,272
98,notalone,yespurchase,37.12,yesdining,111,224
99,notalone,yespurchase,38.19,yesdining,127,227
100,notalone,yespurchase,40.77,yesdining,123,248
101,notalone,yespurchase,41.44,yesdining,123,246
102,notalone,yespurchase,47.24,yesdining,146,282
103,notalone,yespurchase,43.54,nodining,131,266
104,notalone,yespurchase,43.20,yesdining,130,260
105,notalone,yespurchase,40.43,yesdining,120,242
106,yesalone,yespurchase,36.39,yesdining,102,219
107,notalone,yespurchase,40.80,yesdining,128,243
108,notalone,yespurchase,41.36,nodining,124,252
109,notalone,yespurchase,39.53,yesdining,125,245
110,yesalone,yespurchase,34.38,yesdining,115,206
111,yesalone,yespurchase,37.32,nodining,107,222
112,notalone,yespurchase,44.57,yesdining,138,264
113,notalone,nopurchase,44.19,nodining,141,263
114,notalone,yespurchase,41.81,nodining,123,254
115,notalone,yespurchase,38.13,nodining,121,228
116,notalone,nopurchase,44.62,nodining,125,267
117,notalone,yespurchase,38.90,yesdining,111,229
118,notalone,yespurchase,41.93,yesdining,120,247
119,yesalone,yespurchase,35.40,nodining,111,208
120,notalone,nopurchase,41.38,nodining,127,250
121,notalone,yespurchase,38.38,nodining,108,241
122,notalone,yespurchase,36.26,yesdining,101,216
123,notalone,nopurchase,39.85,nodining,114,241
124,notalone,yespurchase,38.96,nodining,119,227
125,notalone,yespurchase,34.93,yesdining,100,209
126,notalone,yespurchase,46.38,yesdining,140,282
127,notalone,nopurchase,45.16,nodining,140,279
128,yesalone,yespurchase,34.53,nodining,104,206
129,notalone,nopurchase,44.33,nodining,130,261
130,yesalone,yespurchase,32.62,yesdining,97,210
131,notalone,yespurchase,39.89,yesdining,116,230
132,notalone,yespurchase,41.23,yesdining,116,247
133,yesalone,nopurchase,38.08,nodining,121,235
134,notalone,nopurchase,46.23,nodining,145,278
135,notalone,yespurchase,47.72,nodining,140,285
136,notalone,yespurchase,41.25,nodining,128,236
137,notalone,yespurchase,40.72,yesdining,115,235
138,yesalone,yespurchase,39.04,nodining,126,227
139,notalone,nopurchase,45.42,nodining,132,279
140,notalone,yespurchase,38.34,yesdining,117,234
141,notalone,yespurchase,37.10,yesdining,108,218
142,notalone,yespurchase,37.16,yesdining,111,228
143,notalone,yespurchase,35.39,yesdining,107,208
144,notalone,yespurchase,37.38,yesdining,112,221
145,notalone,yespurchase,37.67,nodining,110,232
146,notalone,yespurchase,39.31,yesdining,123,235
147,notalone,yespurchase,40.83,yesdining,131,241
148,yesalone,nopurchase,41.24,nodining,118,238
149,notalone,yespurchase,49.07,nodining,150,301
150,notalone,yespurchase,38.84,yesdining,112,234
151,notalone,yespurchase,39.70,yesdining,114,232
152,notalone,nopurchase,43.39,nodining,125,260
153,notalone,nopurchase,43.39,nodining,130,257
154,notalone,yespurchase,45.82,nodining,135,277
155,notalone,yespurchase,36.56,nodining,112,216
156,yesalone,nopurchase,39.84,nodining,114,237
157,notalone,nopurchase,42.20,nodining,126,252
158,notalone,yespurchase,43.99,nodining,134,257
159,notalone,nopurchase,41.08,nodining,117,243
160,notalone,nopurchase,46.20,nodining,143,270
161,notalone,nopurchase,40.91,nodining,114,253
162,notalone,nopurchase,42.61,nodining,125,248
163,notalone,yespurchase,42.38,nodining,131,259
164,notalone,nopurchase,45.82,nodining,139,272
165,notalone,nopurchase,44.49,nodining,132,274
166,yesalone,yespurchase,36.35,nodining,112,219
167,notalone,nopurchase,42.98,nodining,130,262
168,yesalone,yespurchase,32.70,yesdining,90,191
169,notalone,nopurchase,43.59,nodining,129,259
170,notalone,yespurchase,40.52,nodining,131,242
171,notalone,nopurchase,41.73,nodining,128,258
172,notalone,nopurchase,35.21,nodining,104,208
173,notalone,yespurchase,40.25,yesdining,123,241
174,notalone,nopurchase,46.63,nodining,146,278
175,notalone,nopurchase,41.95,nodining,133,258
176,yesalone,nopurchase,36.29,yesdining,108,219
177,notalone,nopurchase,39.68,nodining,124,240
178,notalone,yespurchase,41.22,nodining,127,245
179,notalone,yespurchase,35.15,yesdining,101,210
180,notalone,yespurchase,38.66,yesdining,110,230
181,notalone,nopurchase,47.35,nodining,151,283
182,notalone,nopurchase,39.95,nodining,119,230
183,notalone,yespurchase,38.80,yesdining,117,222
184,yesalone,yespurchase,39.98,yesdining,120,238
185,notalone,nopurchase,40.10,nodining,127,240
186,notalone,yespurchase,40.06,nodining,111,243
187,notalone,yespurchase,38.03,nodining,113,226
188,notalone,yespurchase,35.95,yesdining,117,208
189,notalone,yespurchase,36.63,yesdining,113,223
190,yesalone,yespurchase,43.15,nodining,123,255
191,notalone,yespurchase,33.73,nodining,106,202
192,yesalone,yespurchase,37.59,yesdining,115,233
193,notalone,yespurchase,41.76,nodining,122,248
194,notalone,nopurchase,37.69,yesdining,110,217
195,notalone,yespurchase,42.38,nodining,127,255
196,notalone,nopurchase,40.67,nodining,127,241
197,notalone,yespurchase,38.11,yesdining,112,228
198,yesalone,yespurchase,36.35,yesdining,109,219
199,notalone,yespurchase,41.45,yesdining,130,252
200,notalone,yespurchase,38.32,nodining,114,229
201,notalone,yespurchase,40.02,nodining,118,235
202,notalone,yespurchase,42.98,nodining,132,258
203,notalone,yespurchase,49.49,nodining,155,300
204,notalone,yespurchase,41.50,nodining,130,246
205,notalone,yespurchase,37.88,yesdining,113,234
206,notalone,yespurchase,38.84,yesdining,122,235
207,notalone,yespurchase,36.77,yesdining,108,212
208,notalone,yespurchase,50.75,nodining,152,315
209,notalone,nopurchase,41.86,nodining,120,247
210,notalone,yespurchase,39.86,nodining,122,241
211,notalone,yespurchase,39.36,yesdining,118,229
212,notalone,nopurchase,38.67,nodining,118,225
213,notalone,yespurchase,44.67,yesdining,137,265
214,yesalone,yespurchase,36.05,yesdining,106,220
215,yesalone,yespurchase,33.72,yesdining,98,204
216,yesalone,yespurchase,35.89,nodining,108,216
217,notalone,yespurchase,44.83,nodining,130,269
218,notalone,yespurchase,37.90,yesdining,119,228
219,notalone,yespurchase,41.96,yesdining,126,252
220,notalone,yespurchase,36.15,yesdining,104,213
221,notalone,nopurchase,46.81,nodining,151,277
222,notalone,yespurchase,39.13,nodining,119,229
223,yesalone,yespurchase,40.94,yesdining,125,250
224,yesalone,yespurchase,34.88,yesdining,104,212
225,notalone,yespurchase,41.97,nodining,127,254
226,yesalone,yespurchase,36.54,nodining,115,220
227,notalone,yespurchase,37.25,yesdining,111,210
228,yesalone,yespurchase,38.21,yesdining,116,225
229,notalone,yespurchase,41.00,yesdining,131,248
230,notalone,nopurchase,42.87,nodining,129,258
231,notalone,yespurchase,40.42,yesdining,120,249
232,yesalone,yespurchase,33.94,nodining,101,204
233,notalone,yespurchase,45.72,nodining,133,264
234,notalone,yespurchase,39.03,nodining,115,245
235,notalone,nopurchase,40.59,yesdining,116,237
236,notalone,yespurchase,35.26,yesdining,109,212
237,notalone,nopurchase,40.62,nodining,123,242
238,notalone,nopurchase,39.52,nodining,109,234
239,notalone,yespurchase,43.19,nodining,129,263
240,notalone,yespurchase,39.91,nodining,117,238
241,notalone,yespurchase,40.63,nodining,128,252
242,notalone,yespurchase,41.86,yesdining,132,257
243,notalone,yespurchase,41.56,nodining,121,256
244,notalone,yespurchase,35.47,yesdining,106,212
245,notalone,yespurchase,34.73,yesdining,104,203
246,notalone,yespurchase,43.03,nodining,120,249
247,notalone,yespurchase,42.30,nodining,129,249
248,yesalone,yespurchase,30.80,yesdining,93,184
249,notalone,yespurchase,39.54,yesdining,119,246
250,yesalone,yespurchase,37.17,nodining,114,230
251,yesalone,yespurchase,35.60,yesdining,114,215
252,notalone,nopurchase,43.93,yesdining,131,263
253,notalone,yespurchase,42.23,yesdining,126,250
254,notalone,nopurchase,42.11,nodining,127,243
255,notalone,yespurchase,38.16,yesdining,112,225
256,yesalone,nopurchase,32.97,nodining,100,189
257,notalone,nopurchase,43.72,nodining,132,266
258,notalone,yespurchase,39.37,yesdining,119,239
259,notalone,yespurchase,41.83,yesdining,125,248
260,yesalone,yespurchase,44.09,nodining,135,263
261,notalone,yespurchase,43.74,nodining,133,269
262,notalone,yespurchase,42.79,nodining,142,254
263,notalone,yespurchase,44.81,yesdining,128,275
264,notalone,yespurchase,41.80,yesdining,126,250
265,notalone,yespurchase,36.55,yesdining,113,214
266,notalone,yespurchase,40.67,yesdining,117,241
267,notalone,yespurchase,39.25,nodining,127,239
268,notalone,nopurchase,35.08,yesdining,94,216
269,notalone,nopurchase,45.44,yesdining,134,261
270,yesalone,yespurchase,36.71,nodining,119,229
271,notalone,nopurchase,41.50,nodining,126,254
272,notalone,yespurchase,44.13,nodining,126,265
273,yesalone,yespurchase,36.30,yesdining,104,216
274,notalone,nopurchase,46.47,nodining,130,277
275,notalone,yespurchase,40.25,yesdining,119,246
276,notalone,yespurchase,43.61,yesdining,124,266
277,notalone,yespurchase,40.30,nodining,119,250
278,notalone,yespurchase,40.72,yesdining,118,241
279,notalone,yespurchase,39.64,yesdining,113,237
280,notalone,yespurchase,40.16,yesdining,124,251
281,notalone,yespurchase,47.57,nodining,140,290
282,notalone,yespurchase,40.42,nodining,120,245
283,notalone,yespurchase,39.26,yesdining,115,232
284,notalone,yespurchase,45.80,nodining,140,268
285,yesalone,yespurchase,35.25,yesdining,103,211
286,notalone,yespurchase,39.22,nodining,113,241
287,notalone,yespurchase,34.52,yesdining,115,201
288,notalone,yespurchase,45.69,yesdining,137,277
289,notalone,nopurchase,39.81,nodining,121,236
290,notalone,nopurchase,41.74,nodining,129,252
291,notalone,yespurchase,38.86,yesdining,120,227
292,notalone,nopurchase,43.85,nodining,118,263
293,notalone,yespurchase,40.96,yesdining,124,251
294,notalone,nopurchase,37.41,nodining,115,230
295,notalone,yespurchase,41.20,nodining,127,246
296,notalone,yespurchase,43.98,nodining,134,264
297,notalone,nopurchase,51.69,nodining,159,312
298,notalone,yespurchase,39.88,yesdining,121,237
299,notalone,yespurchase,42.95,nodining,131,262
300,notalone,yespurchase,37.25,yesdining,109,225
301,notalone,nopurchase,41.75,nodining,121,246
302,notalone,yespurchase,46.59,nodining,145,286
303,notalone,yespurchase,39.78,yesdining,117,233
304,yesalone,yespurchase,36.86,nodining,116,223
305,notalone,yespurchase,37.40,nodining,107,226
306,notalone,yespurchase,33.71,yesdining,107,198
307,notalone,yespurchase,39.33,yesdining,118,235
308,notalone,yespurchase,39.76,yesdining,125,241
309,notalone,yespurchase,48.90,yesdining,139,292
310,notalone,yespurchase,44.73,nodining,130,265
311,notalone,yespurchase,41.98,yesdining,125,248
312,yesalone,yespurchase,39.42,yesdining,109,242
313,notalone,nopurchase,42.65,nodining,127,256
314,notalone,yespurchase,41.48,yesdining,127,249
315,notalone,yespurchase,41.11,nodining,128,248
316,notalone,yespurchase,37.45,yesdining,113,224
317,yesalone,nopurchase,32.63,nodining,93,207
318,notalone,yespurchase,49.69,nodining,144,294
319,notalone,nopurchase,40.74,nodining,122,237
320,notalone,yespurchase,44.14,yesdining,132,272
321,yesalone,nopurchase,33.43,yesdining,106,209
322,notalone,yespurchase,40.71,nodining,120,241
323,yesalone,yespurchase,40.46,yesdining,120,241
324,notalone,yespurchase,40.95,yesdining,115,249
325,notalone,yespurchase,40.40,nodining,131,228
326,yesalone,yespurchase,31.86,nodining,91,197
327,notalone,yespurchase,44.61,nodining,137,270
328,notalone,yespurchase,38.35,yesdining,117,228
329,notalone,yespurchase,40.08,yesdining,127,239
330,notalone,yespurchase,42.00,nodining,130,254
331,notalone,yespurchase,49.38,nodining,150,285
332,notalone,yespurchase,39.95,nodining,117,249
333,notalone,yespurchase,37.41,yesdining,103,220
334,notalone,yespurchase,45.01,nodining,135,273
335,notalone,yespurchase,40.84,yesdining,121,251
336,notalone,nopurchase,43.63,nodining,135,265
337,yesalone,yespurchase,37.50,yesdining,113,217
338,notalone,yespurchase,39.31,nodining,118,241
339,notalone,nopurchase,33.51,nodining,91,201
340,notalone,yespurchase,39.57,nodining,111,238
341,yesalone,nopurchase,37.38,nodining,110,231
342,notalone,yespurchase,38.27,nodining,114,227
343,notalone,yespurchase,40.42,nodining,117,250
344,notalone,nopurchase,38.22,nodining,116,222
345,notalone,yespurchase,39.04,yesdining,108,233
346,notalone,yespurchase,38.72,nodining,118,235
347,notalone,nopurchase,44.29,nodining,135,270
348,notalone,nopurchase,40.96,nodining,123,247
349,notalone,yespurchase,37.20,yesdining,113,218
350,notalone,yespurchase,42.57,nodining,123,249
351,yesalone,yespurchase,41.54,yesdining,119,248
352,notalone,nopurchase,38.33,nodining,119,231
353,notalone,yespurchase,35.29,nodining,105,216
354,notalone,yespurchase,44.04,yesdining,139,256
355,notalone,nopurchase,39.64,nodining,124,236
356,notalone,yespurchase,41.16,nodining,118,249
357,notalone,yespurchase,44.45,yesdining,140,270
358,yesalone,yespurchase,37.92,nodining,113,225
359,yesalone,yespurchase,37.63,nodining,114,230
360,notalone,nopurchase,39.99,nodining,121,233
361,yesalone,yespurchase,35.78,nodining,108,213
362,notalone,yespurchase,43.81,yesdining,130,262
363,notalone,yespurchase,37.79,nodining,111,221
364,notalone,yespurchase,35.45,nodining,108,213
365,yesalone,yespurchase,32.19,yesdining,97,193
366,notalone,yespurchase,37.40,yesdining,106,211
367,notalone,yespurchase,43.65,yesdining,139,265
368,notalone,yespurchase,42.55,nodining,123,260
369,yesalone,yespurchase,36.15,nodining,102,213
370,yesalone,yespurchase,33.53,yesdining,101,208
371,notalone,nopurchase,39.76,yesdining,122,244
372,notalone,yespurchase,44.84,nodining,135,274
373,notalone,nopurchase,35.25,yesdining,108,210
374,notalone,yespurchase,37.53,yesdining,116,219
375,notalone,nopurchase,40.72,yesdining,119,249
376,notalone,yespurchase,42.74,nodining,127,255
377,yesalone,yespurchase,37.52,nodining,121,230
378,notalone,yespurchase,44.57,yesdining,127,271
379,notalone,yespurchase,40.13,yesdining,120,237
380,yesalone,yespurchase,33.03,yesdining,102,190
381,notalone,yespurchase,42.17,nodining,119,257
382,yesalone,yespurchase,33.48,yesdining,105,196
383,notalone,nopurchase,39.90,nodining,111,249
384,notalone,yespurchase,38.78,nodining,121,232
385,yesalone,yespurchase,30.88,yesdining,93,182
386,notalone,yespurchase,41.95,nodining,130,243
387,notalone,nopurchase,43.21,nodining,124,262
388,yesalone,yespurchase,40.02,nodining,122,232
389,notalone,yespurchase,40.67,yesdining,131,248
390,notalone,yespurchase,43.36,yesdining,135,257
391,notalone,nopurchase,43.47,nodining,127,256
392,notalone,yespurchase,43.66,nodining,128,261
393,yesalone,yespurchase,37.75,nodining,115,229
394,yesalone,yespurchase,27.91,yesdining,85,176
395,yesalone,yespurchase,32.76,yesdining,100,198
396,notalone,yespurchase,37.22,yesdining,120,229
397,notalone,yespurchase,43.28,yesdining,125,271
398,notalone,nopurchase,46.11,nodining,140,273
399,notalone,yespurchase,38.97,nodining,122,233
400,notalone,nopurchase,41.05,nodining,120,253
401,notalone,yespurchase,37.70,yesdining,115,231
402,notalone,nopurchase,45.21,nodining,138,264
403,notalone,yespurchase,38.42,nodining,120,230
404,yesalone,yespurchase,37.31,yesdining,113,229
405,yesalone,yespurchase,34.32,yesdining,98,203
406,notalone,yespurchase,37.34,nodining,113,219
407,yesalone,yespurchase,33.94,nodining,97,215
408,notalone,yespurchase,45.78,yesdining,141,271
409,notalone,yespurchase,39.77,yesdining,120,241
410,notalone,nopurchase,40.42,nodining,121,247
411,notalone,yespurchase,37.90,yesdining,115,222
412,yesalone,nopurchase,36.96,nodining,109,216
413,notalone,yespurchase,45.11,nodining,132,269
414,notalone,yespurchase,43.03,yesdining,125,253
415,notalone,yespurchase,37.78,nodining,112,228
416,notalone,nopurchase,43.96,nodining,129,267
417,notalone,yespurchase,42.69,nodining,128,254
418,notalone,yespurchase,40.71,nodining,122,253
419,yesalone,yespurchase,38.56,yesdining,119,232
420,notalone,yespurchase,40.43,yesdining,120,245
421,notalone,yespurchase,39.54,nodining,108,240
422,notalone,nopurchase,41.45,nodining,128,235
423,yesalone,yespurchase,34.86,yesdining,107,215
424,notalone,nopurchase,44.57,nodining,126,267
425,yesalone,yespurchase,37.38,yesdining,115,227
426,notalone,yespurchase,39.41,yesdining,113,238
427,notalone,yespurchase,43.46,yesdining,126,260
428,notalone,yespurchase,36.95,nodining,108,218
429,yesalone,yespurchase,33.88,nodining,103,202
430,notalone,yespurchase,43.69,nodining,132,265
431,yesalone,yespurchase,37.69,nodining,118,231
432,notalone,nopurchase,37.54,nodining,107,225
433,notalone,yespurchase,44.42,nodining,129,260
434,yesalone,yespurchase,37.51,yesdining,121,230
435,notalone,nopurchase,42.91,nodining,129,256
436,yesalone,yespurchase,29.97,yesdining,91,187
437,notalone,yespurchase,41.26,nodining,119,245
438,notalone,yespurchase,41.89,yesdining,125,239
439,notalone,nopurchase,43.61,nodining,130,273
440,notalone,yespurchase,41.00,yesdining,118,246
441,notalone,nopurchase,38.59,nodining,112,233
442,notalone,yespurchase,43.23,yesdining,130,246
443,notalone,yespurchase,46.37,yesdining,154,287
444,notalone,yespurchase,45.17,nodining,137,265
445,notalone,yespurchase,42.46,yesdining,121,256
446,yesalone,yespurchase,33.41,yesdining,102,204
447,notalone,yespurchase,39.32,nodining,107,234
448,notalone,nopurchase,39.95,nodining,119,232
449,notalone,yespurchase,38.33,yesdining,110,236
450,notalone,yespurchase,39.24,nodining,124,241
451,notalone,yespurchase,46.62,nodining,133,284
452,yesalone,yespurchase,32.72,yesdining,106,192
453,notalone,yespurchase,41.42,nodining,124,249
454,notalone,yespurchase,38.12,yesdining,111,233
455,notalone,nopurchase,47.50,nodining,150,292
456,yesalone,yespurchase,37.27,yesdining,115,224
457,notalone,nopurchase,36.55,nodining,108,219
458,notalone,yespurchase,37.68,yesdining,112,231
459,notalone,nopurchase,52.49,nodining,153,326
460,notalone,nopurchase,43.37,nodining,119,259
461,notalone,yespurchase,46.24,nodining,142,281
462,notalone,yespurchase,42.30,yesdining,138,248
463,notalone,yespurchase,38.42,yesdining,115,231
464,notalone,nopurchase,49.04,nodining,152,295
465,notalone,yespurchase,39.31,yesdining,118,242
466,yesalone,yespurchase,30.80,yesdining,92,176
467,notalone,yespurchase,38.57,nodining,115,227
468,notalone,yespurchase,37.23,yesdining,114,223
469,yesalone,yespurchase,37.06,nodining,115,224
470,yesalone,yespurchase,40.96,yesdining,128,241
471,yesalone,nopurchase,33.83,nodining,113,193
472,notalone,yespurchase,40.70,nodining,121,240
473,notalone,yespurchase,40.54,nodining,118,249
474,notalone,yespurchase,37.24,yesdining,106,215
475,notalone,yespurchase,41.37,yesdining,119,254
476,notalone,yespurchase,40.32,nodining,120,246
477,notalone,nopurchase,41.56,nodining,132,241
478,notalone,nopurchase,44.34,nodining,131,265
479,notalone,yespurchase,37.19,yesdining,106,232
480,notalone,nopurchase,38.06,nodining,112,228
481,notalone,yespurchase,36.29,nodining,101,221
482,yesalone,yespurchase,25.53,yesdining,84,150
483,notalone,yespurchase,38.28,yesdining,113,226
484,yesalone,yespurchase,33.38,yesdining,101,193
485,notalone,yespurchase,43.96,nodining,131,256
486,notalone,yespurchase,38.82,nodining,111,234
487,notalone,nopurchase,45.03,nodining,142,272
488,yesalone,yespurchase,31.37,yesdining,99,186
489,notalone,yespurchase,46.64,yesdining,134,281
490,notalone,yespurchase,46.71,yesdining,141,285
491,notalone,yespurchase,39.58,yesdining,122,237
492,notalone,yespurchase,40.82,nodining,123,244
493,notalone,yespurchase,45.29,yesdining,130,268
494,yesalone,yespurchase,36.90,yesdining,112,218
495,notalone,yespurchase,42.21,yesdining,133,253
496,notalone,yespurchase,41.16,nodining,122,236
497,notalone,yespurchase,43.46,yesdining,132,271
498,yesalone,yespurchase,35.37,nodining,111,212
499,notalone,nopurchase,39.88,nodining,117,242
500,notalone,yespurchase,32.82,yesdining,96,191
501,notalone,yespurchase,43.69,nodining,131,258
502,notalone,yespurchase,35.52,yesdining,107,207
503,notalone,nopurchase,44.85,nodining,134,268
504,notalone,nopurchase,40.33,nodining,124,244
505,yesalone,yespurchase,37.15,yesdining,115,212
506,notalone,yespurchase,44.17,yesdining,135,262
507,notalone,yespurchase,40.35,yesdining,118,238
508,notalone,yespurchase,42.42,nodining,124,247
509,yesalone,yespurchase,32.97,yesdining,92,191
510,yesalone,nopurchase,36.95,yesdining,105,222
511,notalone,yespurchase,47.95,yesdining,140,289
512,notalone,nopurchase,40.83,nodining,122,251
513,notalone,yespurchase,41.76,yesdining,131,257
514,yesalone,yespurchase,38.37,nodining,115,235
515,yesalone,yespurchase,35.72,nodining,98,221
516,notalone,nopurchase,47.16,nodining,130,287
517,notalone,yespurchase,37.70,nodining,113,227
518,notalone,yespurchase,43.11,yesdining,134,258
519,notalone,yespurchase,39.16,nodining,119,229
520,notalone,yespurchase,40.97,yesdining,119,250
521,notalone,nopurchase,42.97,nodining,131,253
522,notalone,yespurchase,42.78,yesdining,128,254
523,notalone,yespurchase,41.43,yesdining,124,248
524,notalone,yespurchase,33.54,yesdining,108,196
525,notalone,yespurchase,43.59,yesdining,126,265
526,notalone,yespurchase,44.30,nodining,137,261
527,yesalone,yespurchase,35.81,nodining,105,220
528,notalone,yespurchase,40.20,yesdining,114,241
529,notalone,yespurchase,42.98,nodining,132,259
530,notalone,yespurchase,43.80,yesdining,140,256
531,yesalone,yespurchase,29.31,yesdining,90,176
532,notalone,yespurchase,41.01,nodining,122,252
533,notalone,yespurchase,39.87,yesdining,115,237
534,notalone,yespurchase,38.47,nodining,116,235
535,notalone,yespurchase,43.05,nodining,121,261
536,notalone,yespurchase,37.86,nodining,109,230
537,notalone,yespurchase,43.99,yesdining,126,257
538,notalone,yespurchase,40.13,nodining,115,249
539,yesalone,yespurchase,33.46,nodining,85,196
540,notalone,yespurchase,43.47,nodining,121,257
541,yesalone,yespurchase,37.45,nodining,111,233
542,notalone,yespurchase,41.94,nodining,132,254
543,notalone,nopurchase,42.12,nodining,124,254
544,notalone,yespurchase,44.92,yesdining,134,268
545,notalone,yespurchase,36.45,yesdining,101,220
546,notalone,yespurchase,42.51,yesdining,127,263
547,yesalone,yespurchase,36.63,nodining,108,215
548,notalone,yespurchase,39.41,yesdining,122,226
549,yesalone,yespurchase,33.08,yesdining,98,206
550,notalone,nopurchase,40.32,nodining,126,248
551,yesalone,yespurchase,36.45,yesdining,103,215
552,notalone,yespurchase,47.59,yesdining,137,274
553,yesalone,yespurchase,34.18,nodining,99,208
554,yesalone,yespurchase,31.70,yesdining,94,193
555,notalone,yespurchase,39.04,yesdining,120,236
556,notalone,yespurchase,39.42,yesdining,118,242
557,notalone,yespurchase,44.40,nodining,132,256
558,notalone,yespurchase,39.12,yesdining,113,240
559,notalone,yespurchase,44.16,yesdining,142,258
560,notalone,yespurchase,44.43,yesdining,126,260
561,notalone,yespurchase,45.39,nodining,137,276
562,notalone,yespurchase,42.48,nodining,129,255
563,notalone,yespurchase,43.83,nodining,135,266
564,notalone,nopurchase,40.86,nodining,123,248
565,notalone,yespurchase,38.58,nodining,107,230
566,yesalone,yespurchase,36.34,yesdining,114,220
567,yesalone,yespurchase,36.82,yesdining,108,218
568,notalone,yespurchase,42.87,nodining,123,251
569,notalone,yespurchase,45.25,yesdining,138,266
570,notalone,yespurchase,43.77,yesdining,117,255
571,notalone,yespurchase,37.64,yesdining,114,231
572,notalone,yespurchase,40.03,nodining,120,233
573,notalone,yespurchase,42.41,nodining,132,265
574,notalone,yespurchase,39.58,nodining,112,243
575,notalone,yespurchase,40.21,yesdining,114,245
576,notalone,yespurchase,41.69,nodining,123,252
577,yesalone,yespurchase,34.88,yesdining,112,216
578,notalone,yespurchase,41.95,yesdining,124,255
579,notalone,yespurchase,46.89,nodining,134,278
580,yesalone,yespurchase,36.09,nodining,104,228
581,notalone,yespurchase,43.25,nodining,124,257
582,notalone,yespurchase,36.29,nodining,110,215
583,notalone,nopurchase,42.43,yesdining,131,255
584,notalone,nopurchase,42.00,yesdining,122,261
585,notalone,nopurchase,42.28,yesdining,120,252
586,notalone,yespurchase,42.96,yesdining,130,261
587,yesalone,yespurchase,33.54,yesdining,101,200
588,notalone,yespurchase,36.51,nodining,110,218
589,yesalone,yespurchase,36.65,yesdining,110,229
590,notalone,yespurchase,36.11,nodining,107,219
591,yesalone,yespurchase,31.75,nodining,94,179
592,notalone,yespurchase,36.57,yesdining,113,218
593,notalone,yespurchase,39.06,yesdining,104,232
594,yesalone,yespurchase,33.92,yesdining,94,204
595,notalone,yespurchase,43.86,nodining,128,273
596,notalone,yespurchase,40.03,nodining,123,235
597,notalone,yespurchase,40.63,yesdining,121,246
598,notalone,nopurchase,37.26,nodining,113,227
599,notalone,nopurchase,40.73,nodining,123,243
600,notalone,yespurchase,38.06,yesdining,117,231
